{
  "train_loss": [
    0.7069676907698313,
    0.5118185073693593,
    0.4425779759089152,
    0.40816130018234253,
    0.38217851586341856,
    0.36119002129236855,
    0.3480699619928996,
    0.3330514226754506,
    0.32295300025939944,
    0.31579806915918984,
    0.3059969999551773,
    0.2953770423730214,
    0.28732222647666933,
    0.2793507705211639,
    0.2725660360654195,
    0.2651044442653656,
    0.25876742033958433,
    0.25052910931110384,
    0.24534917944272358,
    0.2372950475215912,
    0.23202799571355184,
    0.22623336763381957,
    0.22048070737520853,
    0.21548129614194234,
    0.2113422294298808,
    0.20917979087829588,
    0.20447079993883768,
    0.20297013923327129,
    0.19894469328721365,
    0.2023295064608256
  ],
  "train_acc": [
    0.7327,
    0.80625,
    0.8329833333333333,
    0.84575,
    0.8559833333333333,
    0.8631166666666666,
    0.86905,
    0.8750833333333333,
    0.8783833333333333,
    0.88165,
    0.8846166666666667,
    0.8887333333333334,
    0.8913833333333333,
    0.8943333333333333,
    0.8962833333333333,
    0.8995333333333333,
    0.90215,
    0.9056166666666666,
    0.9057333333333333,
    0.9102666666666667,
    0.9123333333333333,
    0.9136,
    0.9164833333333333,
    0.9187833333333333,
    0.9199166666666667,
    0.9207666666666666,
    0.9230333333333334,
    0.9224333333333333,
    0.9233333333333333,
    0.9225833333333333
  ],
  "test_loss": [
    0.4991221396923065,
    0.41299590091705324,
    0.3849314401626587,
    0.36529304666519163,
    0.3438684041976929,
    0.33340358505249024,
    0.32334722747802735,
    0.31614379444122315,
    0.31516462116241456,
    0.29634199228286745,
    0.28394015712738035,
    0.2969992289543152,
    0.2704663607597351,
    0.2753835647583008,
    0.26351798906326296,
    0.26421103649139405,
    0.2446514181137085,
    0.2507902547836304,
    0.2410397126197815,
    0.2400265775680542,
    0.23114842162132263,
    0.2320046989440918,
    0.23253203840255737,
    0.23059401454925538,
    0.22762407989501954,
    0.22482312679290772,
    0.22488480982780457,
    0.2230829031944275,
    0.2224346899986267,
    0.22226779808998107
  ],
  "test_acc": [
    0.805,
    0.8413,
    0.8564,
    0.8663,
    0.8725,
    0.8719,
    0.8809,
    0.8786,
    0.8809,
    0.8927,
    0.8891,
    0.8872,
    0.8989,
    0.9004,
    0.9015,
    0.8995,
    0.9098,
    0.9068,
    0.91,
    0.9121,
    0.9131,
    0.9138,
    0.9137,
    0.9154,
    0.9164,
    0.9166,
    0.9173,
    0.918,
    0.9171,
    0.9182
  ],
  "lr": [
    0.0009972609476841367,
    0.0009890738003669028,
    0.0009755282581475768,
    0.0009567727288213003,
    0.0009330127018922195,
    0.0009045084971874739,
    0.0008715724127386972,
    0.0008345653031794292,
    0.0007938926261462366,
    0.00075,
    0.0007033683215379003,
    0.0006545084971874739,
    0.0006039558454088797,
    0.0005522642316338269,
    0.0005000000000000002,
    0.0004477357683661734,
    0.00039604415459112036,
    0.0003454915028125264,
    0.0002966316784621,
    0.00025000000000000017,
    0.00020610737385376354,
    0.00016543469682057108,
    0.00012842758726130298,
    9.549150281252637e-05,
    6.698729810778068e-05,
    4.322727117869953e-05,
    2.447174185242324e-05,
    1.092619963309716e-05,
    2.7390523158633003e-06,
    0.0
  ]
}